keyword,search_volume,difficulty,intent,priority
web development service Bangladesh,2400,45,commercial,high
website design Bangladesh,1900,42,commercial,high
web development company Bangladesh,1600,48,commercial,high
responsive web design Bangladesh,800,35,commercial,medium
website design price Bangladesh,1200,38,commercial,high
web development service Dhaka,950,40,local,high
custom website development Bangladesh,600,32,commercial,medium
web design company Bangladesh,1100,44,commercial,high
professional website design Bangladesh,500,36,commercial,medium
web development agency Bangladesh,400,41,commercial,medium
ecommerce website development Bangladesh,650,39,commercial,medium
WordPress development Bangladesh,750,33,commercial,medium
cheap website design Bangladesh,800,31,commercial,medium
affordable web development Bangladesh,450,28,commercial,medium
website development package Bangladesh,300,30,commercial,low
low cost website design,900,29,commercial,medium
budget website development Bangladesh,350,27,commercial,low
best web development company Bangladesh,400,50,informational,medium
hire web developer Bangladesh,300,34,commercial,low
web development services near me,600,25,local,medium